Feature Attribute,Duplicate Feature String
numstrings
,287227.0
,298933.0
,299060.0
,301118.0
,308765.0
,327251.0
,412147.0
,591235.0
,717669.0
avg_length
,37524.12156862745
,37722.64783180026
,37871.63984168865
,40602.370579915136
,41967.75730994152
,42779.93144560358
,44435.08049535604
,45347.42654028437
,61670.34069981584
printabledist
,9.220423699914493e+18
,9.220490954724445e+18
,9.221873338870866e+18
,9.222220495899672e+18
,9.222350289060253e+18
,9.222577274938339e+18
,9.222592954080285e+18
,9.22291624326868e+18
,9.222961523119753e+18
entropy
,6.58479254395699
,6.584808069608574
,6.584822117499561
,6.584830343035174
,6.5848695195589615
,6.5848901192024805
,6.584908819689229
,6.584911502257893
,6.584944173523603
strings_urls
,618.0
,623.0
,678.0
,684.0
,882.0
,1074.0
,1335.0
,1541.0
,1545.0
paths
,70.0
,98.0
,106.0
,112.0
,120.0
,152.0
,176.0
,177.0
,256.0
registry_count
,31.0
,32.0
,36.0
,41.0
,44.0
,47.0
,52.0
MZ_count
,1025.0
,1026.0
,1056.0
,1406.0
,1984.0
,2376.0
,2404.0
,2682.0
,3244.0
file_size
,50090556.0
,50653506.0
,52102545.0
,54153656.0
,57492616.0
,62222336.0
,127462400.0
,154615248.0
,209750016.0
vsize
,405327872.0
,536870912.0
,538042368.0
,538103808.0
,538656768.0
,570044416.0
,642301952.0
,657989632.0
,771637248.0
has_debug
exports
,1692.0
,1953.0
,2228.0
,2472.0
,3096.0
,3483.0
,4304.0
,4523.0
,5298.0
imports
,1370.0
,1522.0
,1532.0
,1777.0
,1931.0
,1947.0
,1985.0
,2226.0
,2347.0
has_relocations
has_resources
has_signature
has_tls
symbols
,6787.0
,7119.0
,7260.0
,8990.0
,10500.0
,11483.0
,13575.0
,14220.0
,20168.0
characteristics_hash
,5.483798675607897e+18
,5.707743776054e+18
,6.03574411020231e+18
,6.95561598174244e+18
,7.115266156685516e+18
,7.117997021933401e+18
,8.010761306918329e+18
,8.377836016720868e+18
,8.84476895266275e+18
timestamp
,3990563738.0
,4059691793.0
,4095428919.0
,4126591257.0
,4185518038.0
,4206684335.0
,4280852438.0
,4289252555.0
,4290544696.0
subsystem_hash
major_image_version
,4669.0
,5549.0
,7000.0
,10976.0
,12236.0
,32434.0
,39780.0
,40356.0
,52489.0
minor_image_version
,4029.0
,5158.0
,7444.0
,7517.0
,7794.0
,28558.0
,32401.0
,51070.0
,59681.0
major_linker_version
,74.0
,76.0
,78.0
,81.0
,84.0
,146.0
,154.0
,204.0
,208.0
minor_linker_version
,103.0
,111.0
,145.0
,160.0
,193.0
,200.0
,222.0
,225.0
,237.0
major_os_version
,2.0
,7.0
,8.0
,9.0
,11.0
,13.0
,14.0
,5818.0
,56653.0
minor_os_version
,4.0
,6.0
,7.0
,256.0
,18327.0
major_subsystem_version
minor_subsystem_version
,5.0
,4352.0
size_of_code
,52318208.0
,62112256.0
,667890616.0
,774794240.0
,1104966662.0
,1279610450.0
,1461740645.0
,1766614113.0
,1809678158.0
size_of_headers
,728.0
,744.0
,784.0
,832.0
,872.0
,904.0
,1064.0
,312320.0
,6782976.0
import_libs_hash
,9.201306330440241e+18
,9.201885757860832e+18
,9.20243171880966e+18
,9.202883427688104e+18
,9.203627782041203e+18
,9.207903359504142e+18
,9.209726009063827e+18
,9.216545428359952e+18
,9.220452761880877e+18
num_unnamed_sections
num_write_sections
,84.0
,85.0
,86.0
,87.0
,88.0
,89.0
,90.0
,91.0
,92.0
num_zero_size_sections
num_read_and_execute_sections
,84.0
,85.0
,86.0
,87.0
,88.0
,89.0
,90.0
,91.0
,92.0
